path,original_text,pseudo_manual,is_uncertain
v163/scene_010_v163_c019.mp4,"Thành phố Đà Nẵng trước khi có mưa nặng hạt vào chiều tối mai, đêm nay và sáng mai mưa nhỏ, trời chủ yếu là nhiều mây,","Thành phố Đà Nẵng trước khi có mưa nặng hạt vào chiều tối mai, đêm nay và sáng mai sẽ có mưa nhỏ, trời chủ yếu là nhiều mây.",False
v067/scene_006.mp4,Nhiệt độ hạ xuống còn khoảng là 21 độ và về đêm mức nhiệt là 16 độ.,Nhiệt độ hạ xuống còn khoảng 21 độ và về đêm mức nhiệt là 16 độ.,False
v039/scene_009_v039_c051.mp4,nhiệt độ không vượt quá 22 độ.,Nhiệt độ không vượt quá 22 độ.,False
v243/scene_002_v243_c022.mp4,"Vùng Hạ Liêu, sông Thu Bồn, mực nước đang xuống chậm.","Vùng Hạ Liêu, sông Thu Bồn, mực nước đang xuống chậm.",False
v209/scene_005_v209_c018.mp4,"Thủ đô Hà Nội đêm nay không có mưa, nhiệt độ 12 độ, và ngày mai trời nắng với nhiệt độ tăng lên 22 độ.","Thủ đô Hà Nội đêm nay không có mưa, nhiệt độ 12 độ, và ngày mai trời nắng với nhiệt độ tăng lên 22 độ.",False
v158/scene_005_v158_c009.mp4,Đến trưa chiều thì dự báo là nắng mới xuất hiện trở lại ở khu vực miền Bắc,Đến trưa chiều thì dự báo là nắng sẽ xuất hiện trở lại ở khu vực miền Bắc.,False
v036/scene_011_v036_c045.mp4,"Tại TP.HCM và Biên Hòa, mức nhiệt cao nhất vào ngày mai có thể đạt 34 độ.","Tại TP.HCM và Biên Hòa, mức nhiệt cao nhất vào ngày mai có thể đạt 34 độ.",False
v168/scene_007_v168_c015.mp4,"đến phía bắc của Phú Yên sẽ có gió mạnh cấp 6, cấp 7, giật cấp 8","Đến phía bắc của Phú Yên sẽ có gió mạnh cấp 6, cấp 7, giật cấp 8.",False
v053/scene_007_v053_c020.mp4,Và độ ẩm sẽ giảm dần xuống còn ở mức là 68%,Và độ ẩm sẽ giảm dần xuống còn ở mức 68%.,False
v047/scene_005.mp4,Còn bây giờ sẽ là phần dự báo chi tiết cho các thành phố trong đêm nay và ngày mai,Còn bây giờ sẽ là phần dự báo chi tiết cho các thành phố trong đêm nay và ngày mai.,False
v062/scene_001.mp4,"Thưa quý vị, sau 2 ngày diễn ra mưa lớn và sạt lở nặng, huyện vùng cao Nam Trà My của tỉnh Quảng Nam đã bị cô lập.","Thưa quý vị, sau 2 ngày diễn ra mưa lớn và sạt lở nặng, huyện vùng cao Nam Trà My của tỉnh Quảng Nam đã bị cô lập.",False
v036/scene_010_v036_c043.mp4,"Thưa quý vị, ngay tại khu vực Nam Bộ thì sau nhiều ngày là ít mưa, nắng nhiều,","Thưa quý vị, ngay tại khu vực Nam Bộ thì sau nhiều ngày ít mưa, nắng nhiều,",False
v017/scene_003_v017_c003.mp4,"Vâng anh Dương, mưa miền Bắc sẽ kéo dài nhiều ngày, có thể là phải hết tuần sau.","Vâng anh Dương, mưa miền Bắc sẽ kéo dài nhiều ngày, có thể phải đến hết tuần sau.",False
v013/scene_001_v013_c003.mp4,"Cường độ bão mạnh cấp 8, cấp 9, giật cấp 11.","Cường độ bão mạnh cấp 8, cấp 9, giật cấp 11.",False
v074/scene_007.mp4,Lượng mưa phổ biến trong khu vực này sẽ dao động từ 50-100mm.,Lượng mưa phổ biến trong khu vực này sẽ dao động từ 50-100 mm.,False
v123/scene_003.mp4,"Quảng Bình yêu cầu các địa phương chủ động ứng phó với tình huống mưa lớn kéo dài,",Quảng Bình yêu cầu các địa phương chủ động ứng phó với tình huống mưa lớn kéo dài.,False
v207/scene_004.mp4,"Lượng mưa ở vùng trọng tâm mưa, đó là Hà Tĩnh đến Thừa Thiên Huế","""Lượng mưa ở vùng trọng tâm mưa, đó là Hà Tĩnh đến Thừa Thiên Huế.""",False
v258/scene_006.mp4,"Ở miền Trung, khu vực từ Quảng Bình đến Khánh Hòa tối vừa đêm nay có mưa rào nhẹ.","Ở miền Trung, khu vực từ Quảng Bình đến Khánh Hòa tối và đêm nay có mưa rào nhẹ.",False
v064/scene_001.mp4,Còn tiếp theo sẽ là những thông tin dự báo thời tiết đến từ biên tập viên thời tiết Hương Liên.,Còn tiếp theo sẽ là những thông tin dự báo thời tiết đến từ biên tập viên thời tiết Hương Liên.,False
v045/scene_008.mp4,"Chiều nay, mặc dù mưa đã tạm giảm, nhưng gió ở đây vẫn rất mạnh và sóng biển cao.","Chiều nay, mặc dù mưa đã tạm giảm, nhưng gió ở đây vẫn rất mạnh và sóng biển cao.",False
v059/scene_008.mp4,"Gió to, sóng lớn có khả năng ảnh hưởng đến hàng trăm tàu cá nhỏ đang neo đậu","Gió to, sóng lớn có khả năng ảnh hưởng đến hàng trăm tàu cá nhỏ đang neo đậu.",False
v105/scene_003.mp4,"Vâng, khả năng là mưa vẫn sẽ còn tiếp tục xảy ra ở Hà Nội cũng như nhiều nơi khác.","Vâng, khả năng mưa vẫn sẽ còn tiếp tục xảy ra ở Hà Nội cũng như nhiều nơi khác.",False
v009/scene_013_v009_c028.mp4,Còn tiếp theo sẽ là phần dự báo thời tiết cho một số thành phố trong đêm nay và ngày mai.,Còn tiếp theo sẽ là phần dự báo thời tiết cho một số thành phố trong đêm nay và ngày mai.,False
v199/scene_002_v199_c010.mp4,"Bên cạnh đó thì các hiện tượng như là lũ quét, sạt lở đất cũng có nguy cơ cao xảy ra ở khu vực vùng núi","Bên cạnh đó, các hiện tượng như lũ quét, sạt lở đất cũng có nguy cơ cao xảy ra ở khu vực vùng núi.",False
v037/scene_006_v037_c025.mp4,"Sau đó đến trưa và chiều mai, khi nắng nhiều, nhiệt độ lại tăng nhanh lên,","""Sau đó đến trưa và chiều mai, khi nắng nhiều, nhiệt độ lại tăng nhanh lên,""",False
v112/scene_006_v112_c030.mp4,Ngày mai thì trời nắng ấm 24 độ,Ngày mai trời nắng ấm 24 độ.,False
v016/scene_002.mp4,Những ngày trước Tết này ở miền Bắc lại đang có vẻ ấm lên.,Những ngày trước Tết này ở miền Bắc lại đang có vẻ ấm lên.,False
v000/scene_003.mp4,"Ngoài sạt lở, ngập lụt ở những vùng trũng thấp cũng đang gia tăng nhanh chóng và mở rộng khi lũ trên các sông dâng cao.","Ngoài sạt lở, ngập lụt ở những vùng trũng thấp cũng đang gia tăng nhanh chóng và mở rộng khi lũ trên các sông dâng cao.",False
v058/scene_002_v058_c004.mp4,"Đối với thủ đô Hà Nội hay là Hòa Bình, Ninh Bình còn lên mức nắng nóng gây gắt là 37 độ.","Đối với thủ đô Hà Nội hay Hòa Bình, Ninh Bình còn lên mức nắng nóng gay gắt là 37 độ.",False
v127/scene_015_v127_c073.mp4,Vùng mưa sẽ phổ biến từ khu vực Hà Tĩnh trở vào tiến Quảng Ngãi.,"""Vùng mưa sẽ phổ biến từ khu vực Hà Tĩnh trở vào đến Quảng Ngãi.""",False
v111/scene_004_v111_c030.mp4,Trên đêm mai sẽ thấy rét rõ.,"""Trên đêm mai sẽ thấy rét rõ."" [UNCERTAIN]",True
v202/scene_014.mp4,"Ban ngày nắng nhiều, nhiệt độ tăng lên rất nhanh, lên mức 27 độ vào buổi trưa","Ban ngày nắng nhiều, nhiệt độ tăng lên rất nhanh, đạt mức 27 độ vào buổi trưa.",False
v031/scene_002_v031_c003.mp4,"Dạ vâng, theo như dự báo sang tới ngày mai thì cái mức nhiệt 40 độ nắng nóng đặc biệt gay gắt thì vẫn tiếp tục xảy ra ở Quỳ Hợp và Hương Khê.","Dạ vâng, theo như dự báo sang tới ngày mai thì mức nhiệt 40 độ nắng nóng đặc biệt gay gắt vẫn tiếp tục xảy ra ở Quỳ Hợp và Hương Khê.",False
v029/scene_007_v029_c018.mp4,"Chỉ ít nơi của miền Bắc như là tại Điện Biên Phủ và Sơn La, cảm giác sẽ dễ chịu 30-31 độ.","Chỉ ít nơi của miền Bắc như tại Điện Biên Phủ và Sơn La, cảm giác sẽ dễ chịu 30-31 độ.",False
v215/scene_006_v215_c008.mp4,Đối với các tỉnh thành từ Hà Tĩnh trở ra tới Bắc Bộ thì vẫn tiếp tục có những đợt không khí lạnh tràn về trên một nền nhiệt ở đây đang nóng ẩm bởi vậy mà bầu không khí dễ bị xáo trộn.,"""Đối với các tỉnh thành từ Hà Tĩnh trở ra tới Bắc Bộ, thì vẫn tiếp tục có những đợt không khí lạnh tràn về trên một nền nhiệt ở đây đang nóng ẩm; bởi vậy, bầu không khí dễ bị xáo trộn.""",False
v197/scene_004_v197_c008.mp4,"Còn tại tỉnh Con Tum, nước lũ gây ngập lụt ở các vùng trụng thấp thuộc một số huyện và thành phố Con Tum.","Còn tại tỉnh Kon Tum, nước lũ gây ngập lụt ở các vùng trũng thấp thuộc một số huyện và thành phố Kon Tum.",False
v229/scene_004_v229_c085.mp4,"Thưa quý vị, cơn bão số 7 đang tiến gần vào vịnh Bắc Bộ.","Thưa quý vị, cơn bão số 7 đang tiến gần vào vịnh Bắc Bộ.",False
v175/scene_002.mp4,"Dạ vâng, ngày hôm nay thì Nam Bộ rất là nắng nóng để có thể biết được mức độ ngày hôm nay ra sao.","Dạ vâng, ngày hôm nay thì Nam Bộ rất nắng nóng để có thể biết được mức độ ngày hôm nay ra sao.",False
v209/scene_004_v209_c016.mp4,"Khu vực Đồng Bằng, trong đó có Thủ đô Hà Nội, dự báo nhiệt độ sẽ dao động từ 11 đến 12 độ.","Khu vực Đồng Bằng, trong đó có Thủ đô Hà Nội, dự báo nhiệt độ sẽ dao động từ 11 đến 12 độ.",False
v086/scene_008.mp4,"Còn bây giờ, chúng tôi sẽ chuyển sang thông tin dự báo chi tiết cho một số thành phố trong đêm nay và ngày mai.","Còn bây giờ, chúng tôi sẽ chuyển sang thông tin dự báo chi tiết cho một số thành phố trong đêm nay và ngày mai.",False
v154/scene_008.mp4,"Thành phố Đà Lạt đêm nay không mưa 17 độ, ngày mai trời nắng 25 độ, chiều tối có mưa rông.","Thành phố Đà Lạt đêm nay không mưa, nhiệt độ 17 độ, ngày mai trời nắng 25 độ, chiều tối có mưa rông.",False
v200/scene_008_v200_c023.mp4,Ngày mai có nắng nhiệt độ tăng dần cao nhất 17 độ,"Ngày mai có nắng, nhiệt độ tăng dần, cao nhất 17 độ.",False
v248/scene_011.mp4,"Cả Nẵng 2 ngày đầu tuần vẫn nắng ráo, nhiệt độ giữ ở mức vừa phải,","Cả Đà Nẵng 2 ngày đầu tuần vẫn nắng ráo, nhiệt độ giữ ở mức vừa phải.",False
v175/scene_003_v175_c010.mp4,"Nhưng ai cũng cảm thấy khô hơn do độ ẩm tiếp tục giảm, chỉ còn là 23% cực kỳ thấp.","Nhưng ai cũng cảm thấy khô hơn do độ ẩm tiếp tục giảm, chỉ còn 23%, cực kỳ thấp.",False
v028/scene_004.mp4,"Từ sau 4 giờ sáng mai thì mưa có thể dứt,","""Từ sau 4 giờ sáng mai thì mưa có thể dứt.""",False
v084/scene_004_v084_c009.mp4,Rõ nhất là ở khu vực phía Tây Bắc Bộ và Thanh Hóa cho tới Quảng Ngãi.,Rõ nhất là ở khu vực phía Tây Bắc Bộ và Thanh Hóa cho tới Quảng Ngãi.,False
v168/scene_004_v168_c009.mp4,tốc độ di chuyển của bão lại vừa khiến nước biển tại khu vực này lạnh đi.,Tốc độ di chuyển của bão lại vừa khiến nước biển tại khu vực này lạnh đi.,False
v227/scene_002_v227_c004.mp4,"Để hình dung những khu vực có mưa, ngay bây giờ chúng ta sẽ cùng quan sát hình ảnh mây vệ tinh.","""Để hình dung những khu vực có mưa, ngay bây giờ chúng ta sẽ cùng quan sát hình ảnh mây vệ tinh.""",False
v070/scene_003_v070_c006.mp4,Lần này thì không khí lạnh tăng cường chủ yếu là lệch đông từ biển dồn vào đất liền và sẽ làm thay đổi trạng thái thời tiết ở Bắc Bộ.,"""Lần này thì không khí lạnh tăng cường chủ yếu là lệch đông từ biển dồn vào đất liền và sẽ làm thay đổi trạng thái thời tiết ở Bắc Bộ.""",False
v029/scene_002_v029_c004.mp4,Tuy nhiên thì về diện mưa và lượng mưa ở vùng núi và vùng đồng bằng thì lại khác hẳn nhau anh Dương ạ.,"Tuy nhiên, về diện mưa và lượng mưa ở vùng núi và vùng đồng bằng thì lại khác hẳn nhau, anh Dương ạ.",False
v243/scene_005_v243_c042.mp4,"Còn tại Đà Nẵng, mưa lũ kéo dài những ngày vừa qua","Còn tại Đà Nẵng, mưa lũ kéo dài trong những ngày vừa qua.",False
v216/scene_005.mp4,"Còn tại tỉnh Khánh Hòa, đến chiều nay nước lũ trên các sông đã giảm nhưng ngập lụt vẫn còn kéo dài ở vùng Hạ Lưu.","Còn tại tỉnh Khánh Hòa, đến chiều nay, nước lũ trên các sông đã giảm nhưng ngập lụt vẫn còn kéo dài ở vùng hạ lưu.",False
v099/scene_003.mp4,"Ở khu vực biển Đông sẽ chịu tác động mạnh mẽ, nước biển có thể dâng tới 107cm.","Ở khu vực biển Đông sẽ chịu tác động mạnh mẽ, nước biển có thể dâng tới 107 cm.",False
v244/scene_006_v244_c016.mp4,"Hải Phòng đêm nay không có mưa, nhiệt độ là 26 độ.","Hải Phòng đêm nay không có mưa, nhiệt độ là 26 độ.",False
v234/scene_003_v234_c006.mp4,"Riêng Tương Dương, con cuông của Nghệ An, nắng nóng cay gắt trên 38 độ.","""Riêng Tương Dương, Con Cuông của Nghệ An, nắng nóng gay gắt trên 38 độ.""",False
v170/scene_007_v170_c020.mp4,"Đà Lạt đêm nay không mưa, trời rất dét 11 độ. Ngày mai nắng đẹp và ấm áp 20 độ.","Đà Lạt đêm nay không mưa, trời rất lạnh 11 độ. Ngày mai nắng đẹp và ấm áp 20 độ.",False
v039/scene_005.mp4,trời quang đẵng và có nắng đến tận chiều.,Trời quang đãng và có nắng đến tận chiều.,False
v131/scene_007_v131_c026.mp4,"Hà Nẵng đêm nay không mưa, có gió thổi nhẹ, 25 độ, khá là dễ chịu.","Hà Nẵng đêm nay không mưa, có gió thổi nhẹ, 25 độ, khá dễ chịu.",False
v045/scene_007.mp4,Chỉ đạo triển khai phương án ứng phó với mưa lớn và gió mạnh để giảm thiểu rủi ro do thiên tai gây ra.,Chỉ đạo triển khai phương án ứng phó với mưa lớn và gió mạnh để giảm thiểu rủi ro do thiên tai gây ra.,False
v119/scene_012.mp4,"Hà Nội đêm nay dự báo tạnh giáo 21 độ, sang ngày mai mây nhiều lên, có lúc có mưa, nhiệt độ cao nhất chỉ 23 độ, trời chuyển lạnh.","Hà Nội đêm nay dự báo tạnh giáo 21 độ, sang ngày mai mây nhiều lên, có lúc có mưa, nhiệt độ cao nhất chỉ 23 độ, trời chuyển lạnh.",False
v110/scene_005_v110_c008.mp4,"Lượng mưa trong 24 giờ có thể từ 50-100mm. Đề phòng lũ quét sẵn ở đất cục bộ, ở các xườn đồi núi Ta Luy, trong và sau mưa lớn.","Lượng mưa trong 24 giờ có thể từ 50-100mm. Đề phòng lũ quét xảy ra ở các khu vực đất cục bộ, ở các sườn đồi núi Ta Luy, trong và sau mưa lớn.",False
v133/scene_010_v133_c022.mp4,"Gần trưa trời chuyển nắng, nhiệt độ tăng nhanh lên mức 29 độ.","Gần trưa, trời chuyển nắng, nhiệt độ tăng nhanh lên mức 29 độ.",False
v188/scene_007.mp4,"Đến chiều nay, mưa có giảm trên địa bàn tỉnh Khánh Hòa.","Đến chiều nay, mưa sẽ giảm trên địa bàn tỉnh Khánh Hòa.",False
v228/scene_004_v228_c027.mp4,"Còn ban đêm thì trời dịu mát, thoáng đắng với mức nhiệt từ 23 đến khoảng 24 độ","Còn ban đêm thì trời dịu mát, thoáng đãng với mức nhiệt từ 23 đến khoảng 24 độ.",False
v156/scene_010_v156_c020.mp4,Tiếp theo sẽ là phần dự báo thời tiết cho một số thành phố khác trong đêm nay và ngày mai,Tiếp theo sẽ là phần dự báo thời tiết cho một số thành phố khác trong đêm nay và ngày mai.,False
v137/scene_003_v137_c009.mp4,"Còn trước đó thì nhìn chung thời tiết ở Bắc Bộ sẽ là rét về đêm và sáng sớm,","Còn trước đó thì nhìn chung thời tiết ở Bắc Bộ sẽ là rét vào ban đêm và sáng sớm,",False
v129/scene_001.mp4,Người dân trên địa bàn tỉnh Thừa Thiên Huế đang phải đối diện với đợt lũ lớn.,Người dân trên địa bàn tỉnh Thừa Thiên Huế đang phải đối diện với đợt lũ lớn.,False
v002/scene_008.mp4,"Thời tiết đã tạnh, nước ngập ở Quảng Nam, Quảng Ngãi và Bình Định cũng đang dần rút.","Thời tiết đã tạnh, nước ngập ở Quảng Nam, Quảng Ngãi và Bình Định cũng đang dần rút.",False
v259/scene_013.mp4,Ở Bắc Bộ sẽ không chịu tác động của bão.,Ở Bắc Bộ sẽ không chịu tác động của bão.,False
v223/scene_011_v223_c028.mp4,"Đà Lạt về đêm trời rét, nhiệt độ hạ thấp chỉ còn 16 độ.","Đà Lạt về đêm trời rét, nhiệt độ hạ thấp chỉ còn 16 độ.",False
v236/scene_011_v236_c018.mp4,Sáng đến trưa trời nắng mạnh 35 độ.,Sáng đến trưa trời nắng mạnh 35 độ.,False
v032/scene_001.mp4,Chiều nay áp thấp nhật đới đã suy yếu từ bão số 7 và đi vào đất liền các tỉnh từ Hải Phòng đến Nam Định,"Chiều nay, áp thấp nhiệt đới đã suy yếu từ bão số 7 và đi vào đất liền các tỉnh từ Hải Phòng đến Nam Định.",False
v126/scene_015_v126_c023.mp4,"Ngày mai trời có nắng, nhiệt độ cao nhất 22 độ.","Ngày mai trời có nắng, nhiệt độ cao nhất 22 độ.",False
v140/scene_009_v140_c015.mp4,"Tại thủ đô Hà Nội, nhiệt độ từ 19 giờ trở đi sẽ giảm xuống chỉ còn là 12 độ và mức nhiệt này sẽ duy trì đến 7 giờ sáng mai","Tại thủ đô Hà Nội, nhiệt độ từ 19 giờ trở đi sẽ giảm xuống chỉ còn 12 độ và mức nhiệt này sẽ duy trì đến 7 giờ sáng mai.",False
v175/scene_001.mp4,Nhưng mà ở miền Nam thì bắt đầu bước vào đợt nắng nóng đầu mùa.,Nhưng mà ở miền Nam thì bắt đầu bước vào đợt nắng nóng đầu mùa.,False
v078/scene_009_v078_c014.mp4,Chiều tối có mưa to trở lại.,Chiều tối có mưa to trở lại.,False
v156/scene_012_v156_c023.mp4,"Đà Nẵng đêm nay dự báo không mưa, dự mát 26 độ","Đà Nẵng đêm nay dự báo không mưa, dự kiến nhiệt độ mát 26 độ.",False
v015/scene_011_v015_c013.mp4,"Trở lại khu vực Bắc Bộ, đêm nay và sáng mai, dự báo trời sẽ vẫn còn khá lạnh với nhiệt độ tại thủ đô Hà Nội và hầu hết các thành phố giao động trong khoảng 17-20 độ.","Trở lại khu vực Bắc Bộ, đêm nay và sáng mai, dự báo trời sẽ vẫn còn khá lạnh với nhiệt độ tại thủ đô Hà Nội và hầu hết các thành phố giao động trong khoảng 17-20 độ.",False
v029/scene_007_v029_c017.mp4,Kêm với đó là độ ẩm sau mưa từ 58% trở lên nên là cảm giác sẽ khá là oi bức và khó chịu.,"""Kèm với đó là độ ẩm sau mưa từ 58% trở lên nên cảm giác sẽ khá oi bức và khó chịu.""",False
v144/scene_005.mp4,"Các cơ quan, đơn vị và địa phương cần triển khai thực hiện nghiêm túc các phương án, biện pháp phòng chống mưa lũ, nhằm hạn chế thiệt hại có thể xảy ra ở mức thấp nhất.","Các cơ quan, đơn vị và địa phương cần triển khai thực hiện nghiêm túc các phương án, biện pháp phòng chống mưa lũ, nhằm hạn chế thiệt hại có thể xảy ra ở mức thấp nhất.",False
v148/scene_010.mp4,"Mưa lớn kéo dài ảnh hưởng tới gần 1,7 triệu cư dân và hơn 120.000 người đã phải đi sơ tán.","Mưa lớn kéo dài ảnh hưởng tới gần 1,7 triệu cư dân và hơn 120.000 người đã phải đi sơ tán.",False
v266/scene_003_v266_c004.mp4,"Khu vực Trung Bộ sẽ không còn mưa nhiều, hầu hết lượng mưa duy trì dưới 50mm.","Khu vực Trung Bộ sẽ không còn mưa nhiều, hầu hết lượng mưa duy trì dưới 50mm.",False
v038/scene_018.mp4,Thủ đô Hà Nội từ đêm nay cũng chuyển mưa và mưa còn duy trì trong cả 2 ngày sắp tới.,Thủ đô Hà Nội từ đêm nay cũng chuyển mưa và mưa sẽ còn duy trì trong cả 2 ngày sắp tới.,False
v095/scene_006_v095_c021.mp4,cũng như là nhiều nơi khác của miền Tây mức nhiệt là 35 đến khoảng 36 độ.,"Cũng như nhiều nơi khác của miền Tây, mức nhiệt là 35 đến khoảng 36 độ.",False
v202/scene_002.mp4,Nhưng mà năm nay thì đến muộn hơn và khả năng là đến cuối tuần này thì mới có một đợt nắng nóng tại khu vực Nam Bộ,Nhưng mà năm nay thì đến muộn hơn và khả năng là đến cuối tuần này thì mới có một đợt nắng nóng tại khu vực Nam Bộ.,False
v219/scene_002_v219_c008.mp4,"Thưa quý vị khán giả, cập nhật đến chiều tối nay, tâm của bão vẫn nằm trên khu vực phía Bắc đảo Hải Nam Trung Quốc.","Thưa quý vị khán giả, cập nhật đến chiều tối nay, tâm của bão vẫn nằm trên khu vực phía Bắc đảo Hải Nam, Trung Quốc.",False
v266/scene_006_v266_c008.mp4,"Cần đề phòng nguy cơ xảy ra sạt lở đất rất nguy hiểm sau mưa lũ, đặc biệt là tại các tỉnh Quảng Bình đến Thừa Thiên - Huế.","Cần đề phòng nguy cơ xảy ra sạt lở đất rất nguy hiểm sau mưa lũ, đặc biệt là tại các tỉnh Quảng Bình đến Thừa Thiên - Huế.",False
v013/scene_003.mp4,"Vùng nguy hiểm trên Biển Đông trong 24 giờ tới với gió mạnh cấp 6,",Vùng nguy hiểm trên Biển Đông trong 24 giờ tới với gió mạnh cấp 6.,False
v209/scene_002.mp4,Miền Bắc và miền Trung đang trải qua một đợt không khí lạnh tăng cường mạnh.,Miền Bắc và miền Trung đang trải qua một đợt không khí lạnh tăng cường mạnh.,False
v155/scene_002.mp4,"Trận mưa đá với lượng đá rất dày, nhiều hạt đá to từ 2-3 cm,","""Trận mưa đá với lượng đá rất dày, nhiều hạt đá to từ 2-3 cm.""",False
v215/scene_010.mp4,Vừa rồi là những cảnh báo liên quan tới hiện tượng thời tiết cực đoan đó là dông lốc.,"Vừa rồi là những cảnh báo liên quan tới hiện tượng thời tiết cực đoan, đó là dông lốc.",False
v160/scene_005.mp4,"Vào chiều tối, trời sẽ rất rét, và nhiệt độ vào chiều ngày mai có thể giảm hơn 10 độ so với chiều hôm nay.","Vào chiều tối, trời sẽ rất rét, và nhiệt độ vào chiều ngày mai có thể giảm hơn 10 độ so với chiều hôm nay.",False
v205/scene_007_v205_c028.mp4,"Đến ngày kia thì trời chuyển mưa lạnh, có thể có mưa to và nhiệt độ giảm mạnh xuống còn 23 độ vào ban ngày.","Đến ngày kia thì trời chuyển mưa lạnh, có thể có mưa to và nhiệt độ giảm mạnh xuống còn 23 độ vào ban ngày.",False
v110/scene_008.mp4,"Trưa chiều mai có khoảng giảm mưa, nhiệt độ nhích lên 25 độ.","Trưa chiều mai có khoảng giảm mưa, nhiệt độ nhích lên 25 độ.",False
v031/scene_003_v031_c018.mp4,"Tại thành phố Hồ Chí Minh, dự báo đêm nay tạnh giáo, sáng sớm trời mát 27 độ, nắng nóng vào trưa chiều mai 35 độ.","Tại thành phố Hồ Chí Minh, dự báo đêm nay tạnh giáo, sáng sớm trời mát 27 độ, nắng nóng vào trưa chiều mai 35 độ.",False
v244/scene_008_v244_c021.mp4,"Sáng ngày mai có mưa rông về trời tối, còn ban ngày trời nắng 34 độ.","""Sáng ngày mai có mưa rông về chiều tối, còn ban ngày trời nắng 34 độ.""",False
v095/scene_004_v095_c007.mp4,Còn đối với những nơi khác thuộc hai khu vực này thì mức nhiệt phổ biến nằm trong khoảng 35-38 độ.,Còn đối với những nơi khác thuộc hai khu vực này thì mức nhiệt phổ biến nằm trong khoảng 35-38 độ.,False
v176/scene_004_v176_c019.mp4,"Nhật độ thấp nhất là 20 độ, khá lạnh.","Nhiệt độ thấp nhất là 20 độ, khá lạnh.",False
v158/scene_011_v158_c026.mp4,Thành phố Hồ Chí Minh lưu ý mưa trái mùa vào buổi chiều của cả 2 ngày tới,Thành phố Hồ Chí Minh lưu ý mưa trái mùa vào buổi chiều của cả hai ngày tới.,False
v016/scene_013.mp4,Đến trưa chiều thì sương sẽ tan bớt trời hứng nắng nhẹ. Nhiệt độ tại các thành phố sẽ tăng lên ở mức là từ 20-25 độ.,"Đến trưa chiều, sương sẽ tan bớt, trời hứng nắng nhẹ. Nhiệt độ tại các thành phố sẽ tăng lên ở mức từ 20-25 độ.",False
v105/scene_004_v105_c011.mp4,Dự báo là đêm nay cho đến ngày 6 tháng 10 thì từ Thanh Hóa trở xuống đến Thừa Thiên Huế,Dự báo là đêm nay cho đến ngày 6 tháng 10 thì từ Thanh Hóa trở xuống đến Thừa Thiên Huế.,False
v183/scene_005.mp4,"tỉnh Phú Yên không còn mưa, thậm chí có thời điểm có nắng,","Tỉnh Phú Yên không còn mưa, thậm chí có thời điểm có nắng.",False
v041/scene_009.mp4,"Với sức gió như hiện nay, nếu nhà cửa không được gia cố chắc chắn, khả năng sẽ bị hư hỏng một phần.","Với sức gió như hiện nay, nếu nhà cửa không được gia cố chắc chắn, khả năng sẽ bị hư hỏng một phần.",False
v261/scene_006_v261_c015.mp4,"Cùng với đó thì sạt lở, lũ quét cũng có nguy cơ cao có thể xảy ra ở khắp các vùng núi","Cùng với đó, sạt lở và lũ quét cũng có nguy cơ cao có thể xảy ra ở khắp các vùng núi.",False
v140/scene_003.mp4,"Thưa quý vị và các bạn, thời tiết Lào Cai đang có diễn biến phức tạp. Trời có mưa tuy đã giảm về diện và lượng.","Thưa quý vị và các bạn, thời tiết Lào Cai đang có diễn biến phức tạp. Trời có mưa tuy đã giảm về diện tích và lượng.",False
v161/scene_008.mp4,"Thành phố Nha Trang giảm mưa, đêm nay tạnh giáo và trời lạnh, thấp nhất 21 độ","""Thành phố Nha Trang giảm mưa, đêm nay tạnh ráo và trời lạnh, thấp nhất 21 độ.""",False
v095/scene_004_v095_c008.mp4,Và vùng nắng nóng cũng sẽ mở rộng hơn hôm nay.,Và vùng nắng nóng cũng sẽ mở rộng hơn so với hôm nay.,False
v173/scene_002.mp4,Nhận định về cường độ của cơn bão này sẽ mạnh nhất ở cấp 11 giật cấp 14 khi di chuyển đến gần đảo Hải Nam Trung Quốc,"Nhận định về cường độ của cơn bão này sẽ mạnh nhất ở cấp 11, giật cấp 14 khi di chuyển đến gần đảo Hải Nam, Trung Quốc.",False
v005/scene_001.mp4,"Những ngày qua trên địa bàn của tỉnh Quảng Ngãi xảy ra một số vụ rông xét đánh làm nhiều người bị thương, cây cối ngã đổ.","Những ngày qua, trên địa bàn tỉnh Quảng Ngãi xảy ra một số vụ rông xét đánh làm nhiều người bị thương và cây cối ngã đổ.",False
v213/scene_001.mp4,Tình trạng ngập lụt đã ảnh hưởng đến 16 tỉnh thành trên cả nước.,Tình trạng ngập lụt đã ảnh hưởng đến 16 tỉnh thành trên cả nước.,False
v007/scene_006_v007_c054.mp4,Sang ngày mai trời có nắng cả ngày,Sang ngày mai trời sẽ có nắng cả ngày.,False
v129/scene_002.mp4,"Mực nước trên các con sông luôn ở trên mức báo động 3 đã gây ra tình trạng ngập lụt, chia cắt kéo dài.","Mực nước trên các con sông luôn ở trên mức báo động 3 đã gây ra tình trạng ngập lụt, chia cắt kéo dài.",False
v225/scene_009.mp4,nhiệt độ thấp nhất là 23 độ.,Nhiệt độ thấp nhất là 23 độ.,False
v248/scene_013.mp4,"Thành phố Hồ Chí Minh nắng chủ yếu vào buổi sáng và trưa,",Thành phố Hồ Chí Minh nắng chủ yếu vào buổi sáng và trưa.,False
v104/scene_007.mp4,"Tại một số vùng ngoại ô phía đông của Manila, nhiều người dân phải lên nóc nhà để tránh ngập.","""Tại một số vùng ngoại ô phía đông của Manila, nhiều người dân phải lên nóc nhà để tránh ngập.""",False
v133/scene_005.mp4,"Sang ngày mai, dự báo nhiệt độ sẽ tăng thêm 1-2 độ nữa.","Sang ngày mai, dự báo nhiệt độ sẽ tăng thêm 1-2 độ nữa.",False
v040/scene_005_v040_c010.mp4,"Mức nhiệt cảnh báo lên tới 37-40 độ và có nơi trên 40 độ, còn độ ẩm thấp nhất chỉ từ 35-45%.","Mức nhiệt cảnh báo lên tới 37-40 độ và có nơi trên 40 độ, còn độ ẩm thấp nhất chỉ từ 35-45%.",False
v005/scene_002_v005_c004.mp4,Thời gian gần đây trên địa bàn Quảng Ngãi xảy ra nhiều vụ lốc xoáy và xấm xét làm sập nhiều nhà dân.,"Thời gian gần đây, trên địa bàn Quảng Ngãi xảy ra nhiều vụ lốc xoáy và sấm sét làm sập nhiều nhà dân.",False
v183/scene_006.mp4,Hơn 50.000 ngôi nhà của người dân bị ngập do mưa lũ.,Hơn 50.000 ngôi nhà của người dân bị ngập do mưa lũ.,False
v022/scene_003.mp4,"Ở miền Trung thì dự báo là mưa vừa mưa to sẽ còn xuất hiện trong đêm nay ở Nghệ An cho đến Quảng Ngãi,","""Ở miền Trung, dự báo là mưa vừa, mưa to sẽ còn xuất hiện trong đêm nay ở Nghệ An cho đến Quảng Ngãi.""",False
v140/scene_016.mp4,Nguy cơ ngập úng vùng trúng thấp và sạt lở đất ở vùng núi vẫn có thể xảy ra.,Nguy cơ ngập úng vùng trũng thấp và sạt lở đất ở vùng núi vẫn có thể xảy ra.,False
v135/scene_006.mp4,"Tuy nhiên, mưa trong đợt này chỉ là dạng mưa rào ngắt quãng với lượng không lớn.","Tuy nhiên, mưa trong đợt này chỉ là dạng mưa rào ngắt quãng với lượng không lớn.",False
v159/scene_005_v159_c015.mp4,Với Đà Nẵng dự báo đôi lúc có mưa nặng hạt.,"Với Đà Nẵng, dự báo đôi lúc có mưa nặng hạt.",False
v178/scene_002.mp4,Từ ngày hôm nay khi mà trời không còn mưa nữa thì nhiệt độ đã tăng thêm khoảng là 2 độ so với ngày hôm qua,"""Từ ngày hôm nay, khi mà trời không còn mưa nữa, thì nhiệt độ đã tăng thêm khoảng 2 độ so với ngày hôm qua.""",False
v266/scene_012_v266_c020.mp4,"Hầu hết là mưa rào ngắt quãng, đan xen có khoảng tạnh ráo.","Hầu hết là mưa rào ngắt quãng, đan xen có khoảng tạnh ráo.",False
v043/scene_010.mp4,Ngày mai mưa sẽ lùi dần về chiều cho đến tối,"Ngày mai, mưa sẽ lùi dần về chiều cho đến tối.",False
v253/scene_004_v253_c015.mp4,"Chiều đến chiều tối mai, mưa xảy ra trên diện rộng.","Chiều đến chiều tối mai, mưa sẽ xảy ra trên diện rộng.",False
v267/scene_002.mp4,"Dự báo chiều và đêm nay, không khí lạnh sẽ xuống sâu hơn, tác động đến khắp Bắc Bộ và nhiều nơi ở Trung Bộ.","Dự báo chiều và đêm nay, không khí lạnh sẽ xuống sâu hơn, tác động đến khắp Bắc Bộ và nhiều nơi ở Trung Bộ.",False
v101/scene_007.mp4,Nhiều địa phương ở các tỉnh Nam Trung Bồ xuất hiện những hố nước tử thần trong mùa mưa.,Nhiều địa phương ở các tỉnh Nam Trung Bộ xuất hiện những hố nước tử thần trong mùa mưa.,False
v008/scene_002_v008_c011.mp4,"Báo trong tối và đêm nay thì lũ trên 2 con sông này sẽ xuống chậm,","""Báo trong tối và đêm nay thì lũ trên 2 con sông này sẽ xuống chậm,""",False
v232/scene_003.mp4,"Theo Cơ quan dự báo khí tượng quốc gia, thời tiết đang có xu hướng ấm lên, dự kiến sẽ giảm bớt một phần áp lực cho Texas.","Theo Cơ quan Dự báo Khí tượng Quốc gia, thời tiết đang có xu hướng ấm lên, dự kiến sẽ giảm bớt một phần áp lực cho Texas.",False
v055/scene_001.mp4,"Mặc dù không nằm trong vùng tâm bão, nhưng nhiều địa phương tại Thừa Thiên Huế cũng chịu thiệt hại nặng nề.","Mặc dù không nằm trong vùng tâm bão, nhưng nhiều địa phương tại Thừa Thiên Huế cũng chịu thiệt hại nặng nề.",False
v019/scene_006.mp4,Đối với Con Tum và Gia Lai thì cũng sẽ có mưa to,Đối với Con Tum và Gia Lai thì cũng sẽ có mưa to.,False
v188/scene_022.mp4,"Ngoài ra, tỉnh cũng đã bố trí lực lượng tại chỗ, sẵn sàng ứng phó với mưa lũ.","Ngoài ra, tỉnh cũng đã bố trí lực lượng tại chỗ, sẵn sàng ứng phó với mưa lũ.",False
v165/scene_002.mp4,Trong đó ở khu vực phía Tây Bắc Bộ thì là những nơi có khả năng cao xảy ra lốc xét,"Trong đó, ở khu vực phía Tây Bắc Bộ thì là những nơi có khả năng cao xảy ra lốc, xét.",False
v192/scene_004.mp4,"Hà Nội đêm nay và sáng mai đôi lúc lấp vớt mưa nhỏ, nhiệt độ thấp nhất 22 độ.","Hà Nội đêm nay và sáng mai đôi lúc lất vất mưa nhỏ, nhiệt độ thấp nhất 22 độ.",False
v143/scene_002_v143_c005.mp4,"Một vài điểm ở Bình Định, Gia Lai, Kiên Giang lượng là từ 36 đến 55mm chỉ trong có 3 tiếng đồng hồ.","Một vài điểm ở Bình Định, Gia Lai, Kiên Giang lượng mưa là từ 36 đến 55mm chỉ trong có 3 tiếng đồng hồ.",False
v125/scene_008_v125_c023.mp4,"Sáng đến trưa mai trời nhiều mây, nắng yếu 23 độ.","""Sáng đến trưa mai trời nhiều mây, nắng yếu 23 độ.""",False
v201/scene_006.mp4,"Cuối cùng, chúng tôi xin gửi đến quý vị phần dự báo chi tiết cho các thành phố trong đêm nay và ngày mai.","Cuối cùng, chúng tôi xin gửi đến quý vị phần dự báo chi tiết cho các thành phố trong đêm nay và ngày mai.",False
v041/scene_010.mp4,Mưa bão và gió mạnh có thể gây tê liệt giao thông và hỏng hệ thống điện.,Mưa bão và gió mạnh có thể gây tê liệt giao thông và hỏng hệ thống điện.,False
v227/scene_003_v227_c006.mp4,"Tại Tân Trụ, Long An, trong 3 giờ qua đã ghi nhận lượng mưa lên tới 74mm, với những điểm mưa vừa và mưa to xuất hiện tại khu vực này.","Tại Tân Trụ, Long An, trong 3 giờ qua đã ghi nhận lượng mưa lên tới 74mm, với những điểm mưa vừa và mưa to xuất hiện tại khu vực này.",False
v092/scene_002_v092_c003.mp4,"Chúng ta cần lưu ý rằng tại sông Kiến Giang ở Quảng Bình, nước rút chậm.","Chúng ta cần lưu ý rằng tại sông Kiến Giang ở Quảng Bình, nước rút chậm.",False
v019/scene_003_v019_c010.mp4,Gió cấp 8 tức là gió có tốc độ là từ 60 đến 70 km một giờ,Gió cấp 8 tức là gió có tốc độ từ 60 đến 70 km một giờ.,False
v064/scene_005_v064_c015.mp4,và khu vực Tây Nguyên Nam Bộ cũng có mưa nhiều trong chiều nay.,"và khu vực Tây Nguyên, Nam Bộ cũng có mưa nhiều trong chiều nay.",False
v070/scene_007_v070_c019.mp4,Thành phố Cần Thơ vào đêm nay sáng sớm mai trời xe lạnh với mức nhiệt 22 độ.,Thành phố Cần Thơ vào đêm nay và sáng sớm mai trời xe lạnh với mức nhiệt 22 độ.,False
v258/scene_003.mp4,Nhìn chung thì Giáng sinh năm nay có thời tiết đẹp nhất so với 5 năm trở lại đây.,Nhìn chung thì Giáng sinh năm nay có thời tiết đẹp nhất so với 5 năm trở lại đây.,False
v133/scene_004.mp4,Trong hôm nay tại Hà Nội và nhiều nơi khác ở miền Bắc đã tăng từ 3 đến 5 độ.,Trong hôm nay tại Hà Nội và nhiều nơi khác ở miền Bắc đã tăng từ 3 đến 5 độ.,False
v049/scene_008_v049_c022.mp4,ở vùng núi là từ 7 đến 10 độ và những nơi núi cao trên 1.500m thì có khả năng dưới 5 độ,"Ở vùng núi, nhiệt độ dao động từ 7 đến 10 độ, và những nơi núi cao trên 1.500m thì có khả năng dưới 5 độ.",False
v227/scene_004_v227_c011.mp4,"Nguy hiểm từ những cơn rông lốc mạnh có thể khiến ô của người đi bộ bị bẻ ngược hoặc làm bay áo mưa của người đi xe máy, gây mất an toàn.","Nguy hiểm từ những cơn rông lốc mạnh có thể khiến ô của người đi bộ bị bẻ ngược hoặc làm bay áo mưa của người đi xe máy, gây mất an toàn.",False
v036/scene_012_v036_c050.mp4,"Đối với miền Bắc, thời tiết đã không còn mưa lạnh mà đã chuyển sang nắng ấm.","Đối với miền Bắc, thời tiết đã không còn mưa lạnh mà đã chuyển sang nắng ấm.",False
v233/scene_003_v233_c011.mp4,Dự báo như là ở thủ đô Hà Nội thì mỗi ngày sẽ tăng 1 độ,Dự báo ở thủ đô Hà Nội thì mỗi ngày sẽ tăng 1 độ.,False
v158/scene_007.mp4,Đối với thủ đô Hà Nội hay là hầu khắp miền Bắc thì sẽ còn duy trì trạng thái thời tiết khá là ổn định trong khoảng là 2 ngày đầu tuần,"Đối với thủ đô Hà Nội hay hầu khắp miền Bắc, thời tiết sẽ còn duy trì trạng thái khá ổn định trong khoảng 2 ngày đầu tuần.",False
v107/scene_004.mp4,"Cường độ bão mạnh cấp 8, cấp 9 và có gió giật lên tới cấp 11.","Cường độ bão mạnh cấp 8, cấp 9 và có gió giật lên tới cấp 11.",False
v156/scene_001.mp4,thì thời tiết có nhiều xáo động so với tuần này hay không ạ?,Thì thời tiết có nhiều xáo động so với tuần này hay không ạ?,False
v205/scene_007_v205_c019.mp4,Và đó cũng là thời điểm mà miền Bắc cảnh báo sẽ có mưa xảy ra trên diện rộng.,Và đó cũng là thời điểm mà miền Bắc cảnh báo sẽ có mưa xảy ra trên diện rộng.,False
v008/scene_007_v008_c026.mp4,"Đà Nẵng đêm nay có mưa vừa, mưa to và nhiệt độ khá lạnh, khoảng 22 độ.","Đà Nẵng đêm nay có mưa vừa, mưa to và nhiệt độ khá lạnh, khoảng 22 độ.",False
v049/scene_013_v049_c041.mp4,"Với thủ đô Hà Nội, đêm và sáng có lúc có mưa nhỏ, trời zét bốt, nhiệt độ hạ thấp chỉ khoảng là 13 độ.","Với thủ đô Hà Nội, đêm và sáng có lúc có mưa nhỏ, trời rét buốt, nhiệt độ hạ thấp chỉ khoảng 13 độ.",False
v228/scene_007.mp4,"Sang ngày mai nắng mạnh, ở lâu ngoài trời thì sẽ hơi nóng, mức nhiệt cao nhất 31 độ","Sang ngày mai, nắng mạnh, ở lâu ngoài trời thì sẽ hơi nóng, mức nhiệt cao nhất 31 độ.",False
v180/scene_010.mp4,"Đối với thủ đô Hà Nội vào đêm nay và sáng ngày mai thì sẽ có mưa vừa, mưa to","Đối với thủ đô Hà Nội vào đêm nay và sáng ngày mai thì sẽ có mưa vừa, mưa to.",False
v014/scene_002.mp4,"Tại Huế, mưa to đã trở lại và nhiều khu vực miền Trung cũng đang chịu ảnh hưởng tương tự.","Tại Huế, mưa to đã trở lại và nhiều khu vực miền Trung cũng đang chịu ảnh hưởng tương tự.",False
v260/scene_007_v260_c020.mp4,"Sang chủ nhật mưa giảm nhanh, trong ngày trời có nắng nhiệt độ cao nhất 30 độ.","Sang chủ nhật, mưa giảm nhanh, trong ngày trời có nắng, nhiệt độ cao nhất 30 độ.",False
v002/scene_009.mp4,"Cuối cùng, chúng tôi xin gửi đến quý vị dự báo thời tiết cho các thành phố trong đêm nay và ngày mai.","Cuối cùng, chúng tôi xin gửi đến quý vị dự báo thời tiết cho các thành phố trong đêm nay và ngày mai.",False
v148/scene_011.mp4,"Năm nay, một số khu vực tại Trung Quốc đã hứng chịu những trận lũ lụt chưa từng thấy.","""Năm nay, một số khu vực tại Trung Quốc đã hứng chịu những trận lũ lụt chưa từng thấy.""",False
v216/scene_010_v216_c050.mp4,"bão sẽ đi theo hướng Tây Tây Bắc, tức là có xu hướng lên phía Bắc.","Bão sẽ đi theo hướng Tây Tây Bắc, tức là có xu hướng lên phía Bắc.",False
v050/scene_008.mp4,"Ngày mai trời nắng cả ngày, nhiệt độ cao nhất là 22 độ.","Ngày mai trời nắng cả ngày, nhiệt độ cao nhất là 22 độ.",False
v151/scene_007.mp4,Lượng mưa phổ biến là từ 50-120mm và có nơi có thể là trên 150mm.,Lượng mưa phổ biến là từ 50-120mm và có nơi có thể lên tới trên 150mm.,False
v175/scene_008_v175_c020.mp4,nhưng với mức nhiệt 34 độ thì trời cũng khá là nóng.,"""Nhưng với mức nhiệt 34 độ thì trời cũng khá là nóng.""",False
v101/scene_005.mp4,Toàn bộ tàu thuyền hoạt động trong vùng nguy hiểm đều có nguy cơ cao bị ảnh hưởng bởi gió giật mạnh.,Toàn bộ tàu thuyền hoạt động trong vùng nguy hiểm đều có nguy cơ cao bị ảnh hưởng bởi gió giật mạnh.,False
v014/scene_009.mp4,"Cuối cùng, chúng ta sẽ đến với phần dự báo chi tiết cho các thành phố trong 2 ngày cuối tuần.","Cuối cùng, chúng ta sẽ đến với phần dự báo chi tiết cho các thành phố trong hai ngày cuối tuần.",False
v110/scene_010.mp4,"Đà Lạt đêm nay tạnh ráo, trời rét 15 độ.","Đà Lạt đêm nay tạnh ráo, trời rét 15 độ.",False
v077/scene_004.mp4,"Ngày mai nắng đẹp cả ngày, nhiệt độ cao nhất 27 độ.","Ngày mai nắng đẹp cả ngày, nhiệt độ cao nhất 27 độ.",False
v016/scene_004.mp4,"Đặc biệt như năm 1988, nhiệt độ trung bình ngày xuống chỉ còn là 9,5 độ.","""Đặc biệt như năm 1988, nhiệt độ trung bình trong ngày xuống chỉ còn là 9,5 độ.""",False
v151/scene_006.mp4,từ Quảng Trị đến Quảng Ngãi sẽ tiếp tục có mưa vừa mưa to.,"Từ Quảng Trị đến Quảng Ngãi sẽ tiếp tục có mưa vừa, mưa to.",False
v004/scene_001.mp4,"Nguyên nhân là do mưa lớn, nước thoát không kịp.","Nguyên nhân là do mưa lớn, nước thoát không kịp.",False
v228/scene_002_v228_c011.mp4,Sau đó đến chủ nhật thì trời lại có mưa nhỏ bất trợt,"""Sau đó đến chủ nhật thì trời lại có mưa nhỏ bất chợt.""",False
v020/scene_003_v020_c005.mp4,"Ngay ngày mai thì trời vẫn ít mây và nắng khô, y như ngày hôm nay.","Ngay ngày mai thì trời vẫn ít mây và nắng khô, y như ngày hôm nay.",False
v233/scene_003_v233_c009.mp4,"Nhiệt độ toàn miền sẽ tăng từ 5 đến 6 độ so với ban đêm, hầu hết là từ 19 cho đến 23 độ","Nhiệt độ toàn miền sẽ tăng từ 5 đến 6 độ so với ban đêm, hầu hết là từ 19 đến 23 độ.",False
v139/scene_005.mp4,"Như tại thủ đô Hà Nội, nhiệt độ 4 ngày tới ở mức là 32 độ","Như tại thủ đô Hà Nội, nhiệt độ 4 ngày tới ở mức 32 độ.",False
v119/scene_011.mp4,Còn tiếp theo sẽ là phần dự báo thời tiết cho một số thành phố đêm nay và ngày mai.,Còn tiếp theo sẽ là phần dự báo thời tiết cho một số thành phố vào đêm nay và ngày mai.,False
v028/scene_012_v028_c040.mp4,"Thủ đô Hà Nội dự báo mưa rào bất chợt,",Thủ đô Hà Nội dự báo mưa rào bất chợt.,False
v272/scene_001_v272_c001.mp4,"Chị Xuân Anh thân mến, chúng ta đã nghe nhiều về đợt không khí lạnh vào cuối tuần này.","Chị Xuân Anh thân mến, chúng ta đã nghe nhiều về đợt không khí lạnh vào cuối tuần này.",False
v040/scene_010_v040_c022.mp4,Trưa và chiều mai trời nắng nhiều khá nóng 34 độ.,"Trưa và chiều mai trời nắng nhiều, khá nóng 34 độ.",False
v039/scene_001.mp4,"Chị Quỳnh Anh, hôm qua thì trời lạnh nhưng mà khô.","Chị Quỳnh Anh, hôm qua thì trời lạnh nhưng mà khô.",False
v036/scene_012_v036_c048.mp4,"Thời tiết không quá nóng, vì nhiệt độ cao nhất ở bất kỳ nơi nào cũng không vượt quá 31 độ.","Thời tiết không quá nóng, vì nhiệt độ cao nhất ở bất kỳ nơi nào cũng không vượt quá 31 độ.",False
v001/scene_006.mp4,"Ở vùng Bikol thì nước ở các con sông đang dâng cao, gây vỡ đê,","""Ở vùng Bikol, nước ở các con sông đang dâng cao, gây vỡ đê.""",False
v262/scene_001.mp4,Một cơn bão cát lớn vừa mới tấn công thành phố Astrakhan ở miền nam nước Nga.,Một cơn bão cát lớn vừa mới tấn công thành phố Astrakhan ở miền nam nước Nga.,False
v224/scene_002_v224_c006.mp4,"Ngày mai độ ẩm hầu hết là đều dưới 45%, tương ứng với màu vàng nhạt ở trên bản độ ẩm.","Ngày mai, độ ẩm hầu hết đều dưới 45%, tương ứng với màu vàng nhạt trên bản đồ độ ẩm.",False
v003/scene_009.mp4,"Ngày mai trời có nắng, ấm áp, cao nhất là 19 độ.","Ngày mai trời có nắng, ấm áp, cao nhất là 19 độ.",False
v009/scene_005.mp4,Cảnh báo 3 ngày tới ở đây đều có thể có mưa tuyết cùng băng giá về đêm và sáng sớm,Cảnh báo 3 ngày tới ở đây đều có thể có mưa tuyết cùng băng giá vào ban đêm và sáng sớm.,False
v020/scene_007_v020_c029.mp4,Thành phố Hồ Chí Minh đêm nay trời lạnh 22 độ.,Thành phố Hồ Chí Minh đêm nay trời lạnh 22 độ.,False
v019/scene_009_v019_c039.mp4,"Trưa chiều mai cường độ mưa sẽ giảm dần, nhiệt độ cũng quá 29 độ","Trưa chiều mai, cường độ mưa sẽ giảm dần, nhiệt độ cũng sẽ quá 29 độ.",False
v272/scene_011_v272_c021.mp4,"Cuối cùng, chúng tôi xin gửi đến quý vị thông tin dự báo thời tiết chi tiết cho một số thành phố.","Cuối cùng, chúng tôi xin gửi đến quý vị thông tin dự báo thời tiết chi tiết cho một số thành phố.",False
v055/scene_002.mp4,"Cơn bão số 9 đi qua, địa phương này đã có 2.500 hectare keo và 1.500 hectare cao su đang thu hoạch bị gại đổ.","Cơn bão số 9 đi qua, địa phương này đã có 2.500 hectare keo và 1.500 hectare cao su đang thu hoạch bị gãy đổ.",False
v014/scene_006.mp4,Có những nơi lượng mưa còn vượt 800mm.,Có những nơi lượng mưa còn vượt 800 mm.,False
v216/scene_007_v216_c036.mp4,Đợt lũ lụt này nước rút khá chậm.,Đợt lũ lụt này nước rút khá chậm.,False
v026/scene_001.mp4,"Đến chiều tối nay, áp thấp nhiệt đới đang cách bờ biển Ninh Thuận khoảng 370 km,","""Đến chiều tối nay, áp thấp nhiệt đới đang cách bờ biển Ninh Thuận khoảng 370 km,""",False
v049/scene_006.mp4,Càng về đêm cái rét sẽ càng ngấm sâu hơn và từ ngày mai thôi miền Bắc sẽ bước vào đợt rét đậm rét hại đầu tiên trong mùa đông năm nay.,"Càng về đêm, cái rét sẽ càng ngấm sâu hơn và từ ngày mai, miền Bắc sẽ bước vào đợt rét đậm, rét hại đầu tiên trong mùa đông năm nay.",False
v017/scene_004_v017_c016.mp4,nhiệt độ khắp các thành phố trong khoảng 28-31 độ.,Nhiệt độ khắp các thành phố trong khoảng 28-31 độ.,False
v053/scene_012.mp4,"Ngày mai nắng lên, nhiệt tăng nhanh, cao nhất là 27 độ","Ngày mai nắng lên, nhiệt độ tăng nhanh, cao nhất là 27 độ.",False
v124/scene_001.mp4,"Ở Bắc Bộ, Trung Bộ, vùng nắng nóng màu đỏ tương ứng với mức nhiệt 36-39 độ sẽ bao phủ phía Nam Sơn La,","Ở Bắc Bộ, Trung Bộ, vùng nắng nóng màu đỏ tương ứng với mức nhiệt 36-39 độ sẽ bao phủ phía Nam Sơn La.",False
v066/scene_003_v066_c006.mp4,"Về diễn biến mưa, dự báo mưa lớn sẽ diễn ra hết đêm nay ở Bình Định, Phú Yên, Khánh Hòa, Gia Lai, Đắk Lắc. Lượng mưa phổ biến từ 50-70mm và có nơi trên 100mm. Sáng ngày mai hầu hết chỉ có mưa nhỏ ngắt quãng.","Về diễn biến mưa, dự báo mưa lớn sẽ diễn ra hết đêm nay ở Bình Định, Phú Yên, Khánh Hòa, Gia Lai, Đắk Lắc. Lượng mưa phổ biến từ 50-70mm và có nơi trên 100mm. Sáng ngày mai hầu hết chỉ có mưa nhỏ ngắt quãng.",False
v160/scene_010.mp4,"Bây giờ, xin được chuyển sang dự báo chi tiết thời tiết cho các thành phố trong 2 ngày đầu tuần.","Bây giờ, xin được chuyển sang dự báo chi tiết thời tiết cho các thành phố trong hai ngày đầu tuần.",False
v245/scene_002.mp4,"Siêu bão rai được cho là cơn bão mạnh nhất trong năm nay đổ bộ vào Philippines đã làm ít nhất 375 người thiệt mạng,",Siêu bão Rai được cho là cơn bão mạnh nhất trong năm nay đổ bộ vào Philippines đã làm ít nhất 375 người thiệt mạng.,False
v178/scene_008_v178_c025.mp4,Thành phố Huế đêm nay tạnh giáo 21 độ,Thành phố Huế đêm nay tạnh ráo 21 độ.,False
v198/scene_001.mp4,Dự báo là sang đến tuần sau thì ở khu vực Nam Mộ vẫn sẽ duy trì cái chuỗi ngày nắng nóng,Dự báo là sang đến tuần sau thì ở khu vực Nam Mộ vẫn sẽ duy trì chuỗi ngày nắng nóng.,False
v080/scene_005.mp4,Từ Tâm Kỳ ra đến huyện Thăng Bình thì có 2 điểm ngập sau thế này và các phương tiện giao thông hiện tại không lưu thông được.,Từ Tâm Kỳ ra đến huyện Thăng Bình thì có 2 điểm ngập như thế này và các phương tiện giao thông hiện tại không lưu thông được.,False
v069/scene_001.mp4,"Ít nhất 11 người thiệt mạng và 102 người khác bị thương trong một trận mưa đá nghiêm trọng xảy ra tại thành phố Nam Thông, tỉnh Giang Tô, Trung Quốc vào đêm qua.","Ít nhất 11 người thiệt mạng và 102 người khác bị thương trong một trận mưa đá nghiêm trọng xảy ra tại thành phố Nam Thông, tỉnh Giang Tô, Trung Quốc vào đêm qua.",False
v034/scene_001.mp4,"Thưa quý vị và các bạn, ngày hôm nay chính là ngày mà triều cường tại TP.HCM thì đã đạt đỉnh của đợt.","Thưa quý vị và các bạn, ngày hôm nay chính là ngày mà triều cường tại TP.HCM đã đạt đỉnh của đợt.",False
v247/scene_001_v247_c001.mp4,Dạ vâng. Thưa anh quý anh và quý vị khán giả. Ngày mai ngày đầu tuần thì thời tiết đáng chú ý nhất phải kể đến đó là khu vực Trung Bộ sẽ có mưa.,"Dạ vâng. Thưa anh quý anh và quý vị khán giả. Ngày mai, ngày đầu tuần, thời tiết đáng chú ý nhất phải kể đến là khu vực Trung Bộ sẽ có mưa.",False
v022/scene_001.mp4,"Bởi vì thưa quý vị, không khí lạnh thì vẫn đang liên tục tăng cường xuống nước ta.","""Bởi vì thưa quý vị, không khí lạnh vẫn đang liên tục tăng cường xuống nước ta.""",False
v049/scene_010.mp4,Chúng ta đang ở trong một chuỗi ngày nắng ấm kéo dài rồi,Chúng ta đang ở trong một chuỗi ngày nắng ấm kéo dài.,False
v049/scene_004_v049_c011.mp4,Không riêng gì thủ đô Hà Nội thời điểm này khối không khí lạnh đã bao trùm hầu hết khu vực phía Đông Bắc Bộ.,"Không riêng gì thủ đô Hà Nội, thời điểm này khối không khí lạnh đã bao trùm hầu hết khu vực phía Đông Bắc Bộ.",False
v031/scene_002_v031_c004.mp4,Với vùng núi từ Thanh Hóa đến Quảng Ngãi thì nắng nóng gay gắt với mức nhiệt là 37 cho đến 39 độ.,Với vùng núi từ Thanh Hóa đến Quảng Ngãi thì nắng nóng gay gắt với mức nhiệt từ 37 đến 39 độ.,False
v202/scene_013.mp4,Đêm nay và sáng sớm mai trời rét sâu với mức nhiệt là 11 độ,Đêm nay và sáng sớm mai trời rét sâu với mức nhiệt là 11 độ.,False
v069/scene_003_v069_c002.mp4,Sức gió trong mưa đá đạt tới hơn 103 km một giờ trên đất liền và hơn 150 km một giờ ở khu vực ven biển.,Sức gió trong mưa đá đạt tới hơn 103 km một giờ trên đất liền và hơn 150 km một giờ ở khu vực ven biển.,False
v181/scene_003_v181_c010.mp4,Không khí lạnh lần này không mạnh thế nên là thời gian rét ở miền Bắc thì chủ yếu là về đêm và sáng.,"Không khí lạnh lần này không mạnh, thế nên thời gian rét ở miền Bắc chủ yếu là vào đêm và sáng.",False
v059/scene_006.mp4,"Trong 12 đến 24 giờ tới, bão sẽ đi vào đất liền từ Hà Tĩnh đến Quảng Nam và suy yếu dần thành áp thấp nhiệt đới.","Trong 12 đến 24 giờ tới, bão sẽ đi vào đất liền từ Hà Tĩnh đến Quảng Nam và suy yếu dần thành áp thấp nhiệt đới.",False
v171/scene_009_v171_c015.mp4,"Nhiều xã, phường ven sông Trà Câu đã bị ngập sâu từ 0,8 đến 1,5m.","Nhiều xã, phường ven sông Trà Câu đã bị ngập sâu từ 0,8 đến 1,5 m.",False
v045/scene_005.mp4,"Mặc dù bã số 7 đã suy yếu thành áp thấp nhiệt đới nhưng hoàn lưu của nó vẫn gây mưa to và gió mạnh cho nhiều tỉnh thành,","""Mặc dù bão số 7 đã suy yếu thành áp thấp nhiệt đới nhưng hoàn lưu của nó vẫn gây mưa to và gió mạnh cho nhiều tỉnh thành,""",False
v246/scene_015_v246_c058.mp4,Đà Lạt dự báo đêm nay trời rét chỉ khoảng là 13 độ.,Đà Lạt dự báo đêm nay trời rét chỉ khoảng 13 độ.,False
v015/scene_014.mp4,"Thành phố Đà Nẵng đêm nay có lúc có mưa nhỏ, nhiệt độ thấp nhất là 24 độ, và sáng ngày mai trời tạnh giáo, có nắng với nhiệt độ cao nhất đạt 28 độ.","Thành phố Đà Nẵng đêm nay có lúc có mưa nhỏ, nhiệt độ thấp nhất là 24 độ, và sáng ngày mai trời tạnh ráo, có nắng với nhiệt độ cao nhất đạt 28 độ.",False
v225/scene_003_v225_c008.mp4,còn vùng trũng thấp ven sông thì vẫn có khả năng ngập.,Còn vùng trũng thấp ven sông thì vẫn có khả năng ngập.,False
v246/scene_006_v246_c034.mp4,Tuy nhiên thì mưa chỉ xảy ra trên diện hẹp thôi ạ và với lượng không đáng kể.,"Tuy nhiên, mưa chỉ xảy ra trên diện hẹp thôi ạ và với lượng không đáng kể.",False
v012/scene_012.mp4,Ngày mai trời có nắng nhiệt độ cao nhất 31 độ.,"Ngày mai trời có nắng, nhiệt độ cao nhất 31 độ.",False
v208/scene_008_v208_c027.mp4,"Hội An vẫn có lúc có mưa rào, đêm nay nhiệt độ thấp nhất là 21 độ, trời lạnh.","Hội An vẫn có lúc có mưa rào, đêm nay nhiệt độ thấp nhất là 21 độ, trời lạnh.",False
v044/scene_011_v044_c030.mp4,"Thành phố Hà Nội đêm nay có mưa to đến rất to, 25 độ.","Thành phố Hà Nội đêm nay có mưa to đến rất to, nhiệt độ 25 độ.",False
v057/scene_007_v057_c021.mp4,"Ngày mai có mưa to đến rất to vì phòng ngập cục bộ, nhiệt độ khoảng 24 độ.","Ngày mai có mưa to đến rất to, có khả năng xảy ra ngập cục bộ, nhiệt độ khoảng 24 độ.",False
v260/scene_002_v260_c010.mp4,Dự báo là mưa sẽ còn tiếp tục duy trì cho đến hết ngày mai.,Dự báo là mưa sẽ còn tiếp tục duy trì cho đến hết ngày mai.,False
v156/scene_006_v156_c014.mp4,"Tổng lượng mưa phổ biến là từ 100-200mm, có nơi trên 250mm","Tổng lượng mưa phổ biến là từ 100-200mm, có nơi trên 250mm.",False
v089/scene_004.mp4,"Cùng với mưa, Thanh Hóa và phía đông Bắc Bộ, trong đó có thủ đô Hà Nội, từ đêm mai, thời sẽ trở lạnh khi nhiệt độ giảm xuống.","Cùng với mưa, Thanh Hóa và phía đông Bắc Bộ, trong đó có thủ đô Hà Nội, từ đêm mai, thời tiết sẽ trở lạnh khi nhiệt độ giảm xuống.",False
v080/scene_003.mp4,Toàn bộ tàu thuyền hoạt động trong vùng nguy hiểm đều có nguy cơ chịu tác động của gió giật mạnh và sóng lớn.,Toàn bộ tàu thuyền hoạt động trong vùng nguy hiểm đều có nguy cơ chịu tác động của gió giật mạnh và sóng lớn.,False
v126/scene_016.mp4,Về chiều tối có lúc có mưa rào với lượng nhỏ.,Về chiều tối có lúc có mưa rào với lượng nhỏ.,False
v259/scene_015_v259_c041.mp4,Đêm mai nhiệt độ sẽ giảm xuống 14 độ trời rét.,"Đêm mai, nhiệt độ sẽ giảm xuống 14 độ, trời rét.",False
v196/scene_020_v196_c112.mp4,"Đến trưa chiều mai thì mưa tạnh, trời chủ đạo là nhiều mây.","Đến trưa chiều mai thì mưa tạnh, trời chủ đạo là nhiều mây.",False
v017/scene_007_v017_c020.mp4,"Trái lại, cố đô Huế hoàn toàn không mưa, 2 ngày tới trời nắng nóng, nhiệt độ cao nhất 37 độ.","Trái lại, cố đô Huế hoàn toàn không mưa, 2 ngày tới trời nắng nóng, nhiệt độ cao nhất 37 độ.",False
v028/scene_005.mp4,"Tuy nhiên, khoảng thời gian tạnh mưa đó chỉ diễn ra tạm thời.","Tuy nhiên, khoảng thời gian tạnh mưa đó chỉ diễn ra tạm thời.",False
v151/scene_013.mp4,Thành phố Hồ Chí Minh dự báo là chiều tối mai sẽ có mưa rào vài nơi.,Thành phố Hồ Chí Minh dự báo chiều tối mai sẽ có mưa rào vài nơi.,False
v126/scene_012.mp4,"Về chiều tối của ngày 30 và mùng 1 Tết, khả năng Nam Bộ sẽ có mưa rào nhẹ thoáng qua.","Về chiều tối của ngày 30 và mùng 1 Tết, khả năng Nam Bộ sẽ có mưa rào nhẹ thoáng qua.",False
v134/scene_006_v134_c034.mp4,Thành phố Hồ Chí Minh đêm nay không mưa 24 độ.,"Thành phố Hồ Chí Minh đêm nay không mưa, nhiệt độ 24 độ.",False
v022/scene_002_v022_c005.mp4,nhiệt độ cao nhất ở các thành phố sẽ giao động là từ 22-25 độ.,"""Nhiệt độ cao nhất ở các thành phố sẽ giao động từ 22-25 độ.""",False
v159/scene_004_v159_c013.mp4,Còn về nhiệt độ cao nhất là 17 cho đến 20 độ.,Còn về nhiệt độ cao nhất là từ 17 đến 20 độ.,False
v115/scene_004_v115_c052.mp4,và trong đêm nay thì vùng mưa sẽ còn mở rộng hơn ra nhiều nơi khác của miền Bắc.,và trong đêm nay thì vùng mưa sẽ còn mở rộng ra nhiều nơi khác của miền Bắc.,False
v217/scene_002.mp4,"Theo dõi trên ảnh mây vệ tinh ngay sau đây thì quý vị cũng có thể thấy rõ là mây sông đang xuất hiện ở khu vực vùng núi của Nghệ An, Hà Tĩnh","Theo dõi trên ảnh mây vệ tinh ngay sau đây, quý vị cũng có thể thấy rõ mây dông đang xuất hiện ở khu vực vùng núi của Nghệ An, Hà Tĩnh.",False
v038/scene_005.mp4,nhiều tuyến đường trũng thấp cũng đã bị ngập sâu sau trận mưa đầu giờ chiều ngày hôm nay.,"""Nhiều tuyến đường trũng thấp cũng đã bị ngập sâu sau trận mưa đầu giờ chiều ngày hôm nay.""",False
v060/scene_006_v060_c011.mp4,"Ngày mai, các thành phố dự báo nhiệt độ sẽ tăng từ 1 đến 3 độ so với hôm nay.","Ngày mai, các thành phố dự báo nhiệt độ sẽ tăng từ 1 đến 3 độ so với hôm nay.",False
v196/scene_007_v196_c044.mp4,"và sáng mai khi mà không khí lạnh tràn về, mưa sẽ nhiều lên.","và sáng mai khi mà không khí lạnh tràn về, mưa sẽ nhiều lên.",False
v096/scene_001.mp4,trên toàn bang. Điều kiện thời tiết nắng nóng và độ ẩm thấp đang gây thêm khó khăn cho công tác dập lửa.,"""Trên toàn bang, điều kiện thời tiết nắng nóng và độ ẩm thấp đang gây thêm khó khăn cho công tác dập lửa.""",False
v218/scene_010.mp4,"Đêm nay, thủ đô Hà Nội sẽ có nhiệt độ lạnh 19 độ.","Đêm nay, thủ đô Hà Nội sẽ có nhiệt độ lạnh 19 độ.",False
v109/scene_001_v109_c001.mp4,"với cường độ bão là cấp 9, giật cấp 11.","với cường độ bão là cấp 9, giật cấp 11.",False
v020/scene_005_v020_c023.mp4,Chỉ riêng có vào ngày thứ 5 mức nhiệt là khoảng 21 độ do là có không khí lạnh tăng cường chỉ có mưa nhỏ.,"Chỉ riêng vào ngày thứ 5, mức nhiệt khoảng 21 độ do có không khí lạnh tăng cường và chỉ có mưa nhỏ.",False
v272/scene_007_v272_c015.mp4,"Mức lũ có thể lên từ báo động 2 đến báo động 3, trong khi một số sông nhỏ có thể vượt mức báo động 3.","Mức lũ có thể lên từ báo động 2 đến báo động 3, trong khi một số sông nhỏ có thể vượt mức báo động 3.",False
v158/scene_009.mp4,Nhiệt độ cao nhất là 19 đến 20 độ,Nhiệt độ cao nhất là 19 đến 20 độ.,False
v036/scene_015.mp4,Ngày mai trời có nắng vào trưa chiều 27 độ.,"Ngày mai trời có nắng vào trưa chiều, nhiệt độ 27 độ.",False
v102/scene_007.mp4,Ngày mai trời nắng nhiệt cao nhất 32 độ.,"Ngày mai trời nắng, nhiệt độ cao nhất 32 độ.",False
v268/scene_003_v268_c006.mp4,Số liệu nhiệt độ lúc 13h ngày hôm nay chúng tôi ghi nhận được thì đều tăng lên phổ biến là từ 4 cho tới 8 độ so với thời điểm 13h của ngày hôm qua.,Số liệu nhiệt độ lúc 13h ngày hôm nay chúng tôi ghi nhận được thì đều tăng lên phổ biến từ 4 đến 8 độ so với thời điểm 13h của ngày hôm qua.,False
v179/scene_007_v179_c025.mp4,Thủ đô Hà Nội đêm nay và gần sáng mai sẽ có mưa nhỏ.,Thủ đô Hà Nội đêm nay và gần sáng mai sẽ có mưa nhỏ.,False
v168/scene_014_v168_c029.mp4,Ngày mai trời có nắng ấm lên. Nhiệt độ cao nhất là khoảng 27 độ.,Ngày mai trời có nắng ấm lên. Nhiệt độ cao nhất khoảng 27 độ.,False
v176/scene_002_v176_c006.mp4,"Nguyên nhân đó là bởi vì không khí lạnh suy yếu, gió Đông Bắc dần chuyển thành hướng gió Đông Nam, mang nhiều ẩm từ biển vào trong đất liền.","Nguyên nhân đó là bởi vì không khí lạnh suy yếu, gió Đông Bắc dần chuyển thành hướng gió Đông Nam, mang nhiều ẩm từ biển vào đất liền.",False
v263/scene_002_v263_c011.mp4,Đợt không khí lạnh lần này dự báo sẽ gây ra một đợt mưa lớn trên diện rộng cho miền Trung.,Đợt không khí lạnh lần này dự báo sẽ gây ra một đợt mưa lớn trên diện rộng cho miền Trung.,False
v248/scene_008.mp4,"Nhiệt độ chính vì thế sẽ giảm đáng kể và quý vị sẽ cảm thấy hơi xe lạnh,","""Nhiệt độ chính vì thế sẽ giảm đáng kể và quý vị sẽ cảm thấy hơi se lạnh,""",False
v180/scene_011.mp4,"Trưa chiều mai thì mưa giảm cường độ, trời khá mát, nhiệt độ cao nhất không quá 28 độ","Trưa chiều mai, mưa giảm cường độ, trời khá mát, nhiệt độ cao nhất không quá 28 độ.",False
v127/scene_013.mp4,3 điều kiện đấy khiến cho rằng tháng 10 và tháng 11 sẽ có bão liên tiếp hình thành ở trên khu vực Biển Đông.,"""3 điều kiện đó khiến cho rằng tháng 10 và tháng 11 sẽ có bão liên tiếp hình thành ở khu vực Biển Đông.""",False
v173/scene_005.mp4,Chỉ khoảng hơn 1 ngày nữa là bão sẽ đi vào đất liền,Chỉ khoảng hơn 1 ngày nữa là bão sẽ đi vào đất liền.,False
v095/scene_008_v095_c026.mp4,Thành phố Huế cũng có thời tiết tương tự.,Thành phố Huế cũng có thời tiết tương tự.,False
v040/scene_004.mp4,"sẽ là nơi nóng khô nhất, tương ứng với màu đỏ nhất trên bản đồ nhiệt này.","""Sẽ là nơi nóng khô nhất, tương ứng với màu đỏ nhất trên bản đồ nhiệt này.""",False
v260/scene_002_v260_c009.mp4,Còn về diễn biến thời tiết trên đất liền thì vào hôm nay vùng mưa lớn đã dịch chuyển ra ở khu vực Bắc Trung Bộ và ở Bắc Bộ.,"Còn về diễn biến thời tiết trên đất liền thì vào hôm nay, vùng mưa lớn đã dịch chuyển ra khu vực Bắc Trung Bộ và Bắc Bộ.",False
v263/scene_001_v263_c002.mp4,Vì đến chủ nhật tuần này thì sẽ có một đợt không khí lạnh mới tràn về.,Vì đến chủ nhật tuần này sẽ có một đợt không khí lạnh mới tràn về.,False
v039/scene_009_v039_c050.mp4,"Trời chiều mai lúc mưa, lúc tạnh","Trời chiều mai lúc mưa, lúc tạnh.",False
v160/scene_001_v160_c000.mp4,"Tiếp theo, chúng ta sẽ cùng cập nhật thông tin về tình hình thời tiết từ biên tập viên Hải Yến.","""Tiếp theo, chúng ta sẽ cùng cập nhật thông tin về tình hình thời tiết từ biên tập viên Hải Yến.""",False
v271/scene_001.mp4,"Cơ quan Ký tượng Nhật Bản dự báo, mưa lớn vẫn sẽ còn tiếp tục diễn ra ở hầu hết các khu vực riêng hải, đồng thời cảnh báo người dân cảnh giác trước nguy cơ lũ lụt, lở đất.","Cơ quan Ký tượng Nhật Bản dự báo, mưa lớn vẫn sẽ còn tiếp tục diễn ra ở hầu hết các khu vực ven biển, đồng thời cảnh báo người dân cảnh giác trước nguy cơ lũ lụt, lở đất.",False
v015/scene_015.mp4,"Thành phố Hồ Chí Minh, đêm nay và chiều mai sẽ có mưa, cần đề phòng gió rất mạnh, với nhiệt độ thấp nhất trong đêm nay là 25 độ và cao nhất ngày mai là 31 độ.","Thành phố Hồ Chí Minh, đêm nay và chiều mai sẽ có mưa, cần đề phòng gió rất mạnh, với nhiệt độ thấp nhất trong đêm nay là 25 độ và cao nhất ngày mai là 31 độ.",False
v043/scene_015_v043_c126.mp4,"Trời rét, nhiệt độ chỉ 16 độ","Trời rét, nhiệt độ chỉ 16 độ.",False
v027/scene_004_v027_c019.mp4,"Sapa 2 ngày đầu tuần mưa rét, nhiệt độ cao nhất 16-17 độ.","Sapa 2 ngày đầu tuần mưa rét, nhiệt độ cao nhất 16-17 độ.",False
v226/scene_010_v226_c014.mp4,"Nhiệt độ cao nhất phổ biến 35-38 độ, một vài nơi trên 38 độ.","Nhiệt độ cao nhất phổ biến 35-38 độ, một vài nơi trên 38 độ.",False
v207/scene_009.mp4,nhiệt độ cao nhất không quá 27 độ.,Nhiệt độ cao nhất không quá 27 độ.,False
v149/scene_001.mp4,Gần 170 người đã thiệt mạng ở miền đông Indonesia cuối tuần qua do lũ lụt và sạt lở đất.,Gần 170 người đã thiệt mạng ở miền đông Indonesia cuối tuần qua do lũ lụt và sạt lở đất.,False
v115/scene_008.mp4,Ngày mai nhiệt độ tăng nhẹ lên mức là 20 độ.,"Ngày mai, nhiệt độ tăng nhẹ lên mức 20 độ.",False
v038/scene_017.mp4,"ban ngày vẫn có nắng, nhiệt độ cao nhất 2 ngày tới 31-32 độ.","Ban ngày vẫn có nắng, nhiệt độ cao nhất trong 2 ngày tới là 31-32 độ.",False
v068/scene_008_v068_c018.mp4,TP. Hạ Long đêm nay đến sáng mai mưa rào bất chợt 23 độ.,"TP. Hạ Long đêm nay đến sáng mai có mưa rào bất chợt, nhiệt độ 23 độ.",False
v027/scene_004_v027_c021.mp4,Thành phố Nha Trang thứ 2 và thứ 3 chỉ có mưa nhỏ về chiều tối và rất nhanh.,Thành phố Nha Trang thứ 2 và thứ 3 chỉ có mưa nhỏ vào chiều tối và rất nhanh.,False
v241/scene_004.mp4,Ở cả vùng đồng bằng như thủ đô Hà Nội và vùng núi Sơn La dự báo nhiệt độ cao nhất 7 ngày tới đều trên 35 độ.,"Ở cả vùng đồng bằng như thủ đô Hà Nội và vùng núi Sơn La, dự báo nhiệt độ cao nhất trong 7 ngày tới đều trên 35 độ.",False
v158/scene_011_v158_c029.mp4,Nhiệt độ cao nhất không quá 32 độ,Nhiệt độ cao nhất không quá 32 độ.,False
v168/scene_004_v168_c008.mp4,"Yếu tố thứ hai là ở phía Tây có không khí lạnh tràn xuống, khiến tốc độ di chuyển của bão bị chặn lại.","Yếu tố thứ hai là ở phía Tây có không khí lạnh tràn xuống, khiến tốc độ di chuyển của bão bị chặn lại.",False
v174/scene_007_v174_c013.mp4,"nhiệt độ thấp nhất tại Thanh Hóa, Vinh và Hà Tĩnh chỉ là từ 13-16 độ, Đồng Hới hay Huế 18-21 độ.","""Nhiệt độ thấp nhất tại Thanh Hóa, Vinh và Hà Tĩnh chỉ từ 13-16 độ, Đồng Hới và Huế 18-21 độ.""",False
v159/scene_004_v159_c012.mp4,Dự báo độ ẩm vào giữa trưa và đầu giờ chiều sẽ phần lớn ở mức dưới 55%.,Dự báo độ ẩm vào giữa trưa và đầu giờ chiều sẽ phần lớn ở mức dưới 55%.,False
v044/scene_013.mp4,"Chiều cảnh báo mưa rông, gió giật mạnh.","Chiều nay cảnh báo mưa rông, gió giật mạnh.",False
v127/scene_014.mp4,Và về diễn biến mưa cụ thể sẽ được chia ra thành 3 giai đoạn như sau.,"Và về diễn biến mưa cụ thể, sẽ được chia ra thành 3 giai đoạn như sau.",False
v180/scene_006_v180_c014.mp4,Tương ứng là mưa rất to với lượng từ 50 đến 100mm trong vòng 24h,Tương ứng là mưa rất to với lượng từ 50 đến 100 mm trong vòng 24 giờ.,False
v139/scene_004_v139_c013.mp4,Nghĩa là ở phía Tây như Điện Biên Phủ và Lào Cai có thể lên mức 33 độ.,Nghĩa là ở phía Tây như Điện Biên Phủ và Lào Cai có thể lên mức 33 độ.,False
v250/scene_005.mp4,"Một số điểm vùng núi như là ở Sơn La, Điện Biên Phổ hay là ở Lào Cai và Hà Giang thì không quá nóng từ 30 cho đến 33 độ.","Một số điểm vùng núi như Sơn La, Điện Biên Phủ hay Lào Cai và Hà Giang thì không quá nóng, từ 30 đến 33 độ.",False
v232/scene_002_v232_c010.mp4,"Trong hơn một tuần qua, đợt bão tuyết lịch sử đã khiến bang Texas vốn không quen với điều kiện thời tiết khắc nghiệt, trải qua các hiện tượng thời tiết như ở Bắc Cực.","Trong hơn một tuần qua, đợt bão tuyết lịch sử đã khiến bang Texas vốn không quen với điều kiện thời tiết khắc nghiệt trải qua các hiện tượng thời tiết như ở Bắc Cực.",False
v176/scene_004_v176_c018.mp4,"Thủ đô Hà Nội dự báo đêm nay và sáng mai có mưa nhỏ, mưa phồn kèm theo sương mù.","Thủ đô Hà Nội dự báo đêm nay và sáng mai có mưa nhỏ, mưa phùn kèm theo sương mù.",False
v021/scene_002.mp4,"Từ tháng 3 của năm tới đến cuối mùa khô, xâm nhập mặn phụ thuộc vào lượng nước điều tiết","""Từ tháng 3 của năm tới đến cuối mùa khô, xâm nhập mặn phụ thuộc vào lượng nước điều tiết.""",False
v016/scene_006.mp4,Đối với khu vực Nam Bộ thì có 2 mùa là mùa mưa và mùa khô. Tết lại chung với thời điểm giữa mùa khô nên người dân ở khu vực này đón Tết với thời tiết khá ổn định trong suốt mấy chục năm qua.,Đối với khu vực Nam Bộ thì có 2 mùa là mùa mưa và mùa khô. Tết lại chung với thời điểm giữa mùa khô nên người dân ở khu vực này đón Tết với thời tiết khá ổn định trong suốt mấy chục năm qua.,False
v242/scene_003_v242_c014.mp4,Nếu như ngày thứ 2 và ngày thứ 6 buổi sáng thì trời có nắng còn đến đêm và sáng sớm lại chuyển mưa rông.,"""Nếu như ngày thứ 2 và ngày thứ 6 buổi sáng thì trời có nắng, còn đến đêm và sáng sớm lại chuyển mưa rông.""",False
v010/scene_005_v010_c019.mp4,"Sáng vào trưa mai trời nắng, 34 độ. Về chiều tối liệu ý có mưa rông.","""Sáng vào trưa mai trời nắng, 34 độ. Về chiều tối có khả năng có mưa rông.""",False
v134/scene_006_v134_c038.mp4,Ngày mai trời nắng không khí ấm lên nhanh 28 độ.,"Ngày mai trời nắng, không khí ấm lên nhanh, đạt 28 độ.",False
v246/scene_013_v246_c054.mp4,"Hải Phòng đêm về sáng có sương mù nhẹ, thời tiết xe lạnh 20 độ.","Hải Phòng đêm về sáng có sương mù nhẹ, thời tiết se lạnh 20 độ.",False
v198/scene_006_v198_c032.mp4,"đêm và sáng nhiệt độ giảm mạnh xuống còn 13 độ, trời rét.","""Đêm và sáng, nhiệt độ giảm mạnh xuống còn 13 độ, trời rét.""",False
v120/scene_004.mp4,Các công tác chỉ đạo ứng phó với mưa lũ tại khu vực Trũng Thấp và Tây Nguyên cần tiếp tục được triển khai.,Các công tác chỉ đạo ứng phó với mưa lũ tại khu vực trũng thấp và Tây Nguyên cần tiếp tục được triển khai.,False
